"model","exp_id","theta_id","facet_lab","mu_star","sigma_star","n","gamma","gamma_lab","net_size","q10","q25","q50","q75","q90"
"folded_normal","L-FN2",1,"id=1 (mu*=0.3, sigma*=0.5)",0.3,0.5,50,0.1,"gamma=0.1",496,0,0.1,0.1,0.2,0.316227766016838
"folded_normal","L-FN2",1,"id=1 (mu*=0.3, sigma*=0.5)",0.3,0.5,100,0.1,"gamma=0.1",496,0,0,0.1,0.2,0.316227766016838
"folded_normal","L-FN2",1,"id=1 (mu*=0.3, sigma*=0.5)",0.3,0.5,200,0.1,"gamma=0.1",496,0,0,0.1,0.1,0.223606797749979
"folded_normal","L-FN2",1,"id=1 (mu*=0.3, sigma*=0.5)",0.3,0.5,400,0.1,"gamma=0.1",496,0,0,0,0.203060437371812,0.316227766016838
"folded_normal","L-FN2",1,"id=1 (mu*=0.3, sigma*=0.5)",0.3,0.5,800,0.1,"gamma=0.1",496,0,0,0,0,0.316227766016838
"folded_normal","L-FN2",1,"id=1 (mu*=0.3, sigma*=0.5)",0.3,0.5,50,0.05,"gamma=0.05",1891,0,0.05,0.1,0.180277563773199,0.258610637585902
"folded_normal","L-FN2",1,"id=1 (mu*=0.3, sigma*=0.5)",0.3,0.5,100,0.05,"gamma=0.05",1891,0,0.05,0.1,0.180277563773199,0.3
"folded_normal","L-FN2",1,"id=1 (mu*=0.3, sigma*=0.5)",0.3,0.5,200,0.05,"gamma=0.05",1891,0,0.0125,0.0707106781186548,0.158113883008419,0.269258240356725
"folded_normal","L-FN2",1,"id=1 (mu*=0.3, sigma*=0.5)",0.3,0.5,400,0.05,"gamma=0.05",1891,0,0,0.05,0.11180339887499,0.226741215542945
"folded_normal","L-FN2",1,"id=1 (mu*=0.3, sigma*=0.5)",0.3,0.5,800,0.05,"gamma=0.05",1891,0,0,0.05,0.11180339887499,0.207900432927793
"folded_normal","L-FN2",2,"id=2 (mu*=0.75, sigma*=0.5)",0.75,0.5,50,0.1,"gamma=0.1",496,0.0499999999999999,0.0499999999999999,0.05,0.111803398874989,0.15
"folded_normal","L-FN2",2,"id=2 (mu*=0.75, sigma*=0.5)",0.75,0.5,100,0.1,"gamma=0.1",496,0.0499999999999999,0.0499999999999999,0.05,0.05,0.111803398874989
"folded_normal","L-FN2",2,"id=2 (mu*=0.75, sigma*=0.5)",0.75,0.5,200,0.1,"gamma=0.1",496,0.0499999999999999,0.0499999999999999,0.05,0.05,0.111803398874989
"folded_normal","L-FN2",2,"id=2 (mu*=0.75, sigma*=0.5)",0.75,0.5,400,0.1,"gamma=0.1",496,0.0499999999999999,0.0499999999999999,0.0499999999999999,0.05,0.05
"folded_normal","L-FN2",2,"id=2 (mu*=0.75, sigma*=0.5)",0.75,0.5,800,0.1,"gamma=0.1",496,0.0499999999999999,0.0499999999999999,0.05,0.05,0.05
"folded_normal","L-FN2",2,"id=2 (mu*=0.75, sigma*=0.5)",0.75,0.5,50,0.05,"gamma=0.05",1891,0,0.0499999999999999,0.0707106781186547,0.1,0.15
"folded_normal","L-FN2",2,"id=2 (mu*=0.75, sigma*=0.5)",0.75,0.5,100,0.05,"gamma=0.05",1891,0,0.0499999999999999,0.05,0.0707106781186547,0.1
"folded_normal","L-FN2",2,"id=2 (mu*=0.75, sigma*=0.5)",0.75,0.5,200,0.05,"gamma=0.05",1891,0,0,0.0499999999999999,0.05,0.0736396103067892
"folded_normal","L-FN2",2,"id=2 (mu*=0.75, sigma*=0.5)",0.75,0.5,400,0.05,"gamma=0.05",1891,0,0,0,0.05,0.05
"folded_normal","L-FN2",2,"id=2 (mu*=0.75, sigma*=0.5)",0.75,0.5,800,0.05,"gamma=0.05",1891,0,0,0,0,0.05
"folded_normal","L-FN2",3,"id=3 (mu*=1.5, sigma*=0.5)",1.5,0.5,50,0.1,"gamma=0.1",496,0,0,0.0999999999999999,0.1,0.1
"folded_normal","L-FN2",3,"id=3 (mu*=1.5, sigma*=0.5)",1.5,0.5,100,0.1,"gamma=0.1",496,0,0,0,0.0999999999999999,0.1
"folded_normal","L-FN2",3,"id=3 (mu*=1.5, sigma*=0.5)",1.5,0.5,200,0.1,"gamma=0.1",496,0,0,0,0,0.1
"folded_normal","L-FN2",3,"id=3 (mu*=1.5, sigma*=0.5)",1.5,0.5,400,0.1,"gamma=0.1",496,0,0,0,0,0
"folded_normal","L-FN2",3,"id=3 (mu*=1.5, sigma*=0.5)",1.5,0.5,800,0.1,"gamma=0.1",496,0,0,0,0,0
"folded_normal","L-FN2",3,"id=3 (mu*=1.5, sigma*=0.5)",1.5,0.5,50,0.05,"gamma=0.05",1891,0,0.0499999999999998,0.05,0.1,0.15
"folded_normal","L-FN2",3,"id=3 (mu*=1.5, sigma*=0.5)",1.5,0.5,100,0.05,"gamma=0.05",1891,0,0,0.0499999999999998,0.05,0.0999999999999999
"folded_normal","L-FN2",3,"id=3 (mu*=1.5, sigma*=0.5)",1.5,0.5,200,0.05,"gamma=0.05",1891,0,0,0.0499999999999998,0.05,0.0707106781186547
"folded_normal","L-FN2",3,"id=3 (mu*=1.5, sigma*=0.5)",1.5,0.5,400,0.05,"gamma=0.05",1891,0,0,0,0.05,0.05
"folded_normal","L-FN2",3,"id=3 (mu*=1.5, sigma*=0.5)",1.5,0.5,800,0.05,"gamma=0.05",1891,0,0,0,0,0.05
"folded_normal","L-FN2",4,"id=4 (mu*=2.25, sigma*=0.5)",2.25,0.5,50,0.1,"gamma=0.1",496,0.0499999999999998,0.0499999999999998,0.0500000000000003,0.111803398874989,0.15
"folded_normal","L-FN2",4,"id=4 (mu*=2.25, sigma*=0.5)",2.25,0.5,100,0.1,"gamma=0.1",496,0.0499999999999998,0.0499999999999998,0.0500000000000003,0.0500000000000003,0.0500000000000003
"folded_normal","L-FN2",4,"id=4 (mu*=2.25, sigma*=0.5)",2.25,0.5,200,0.1,"gamma=0.1",496,0.0499999999999998,0.0499999999999998,0.0500000000000003,0.0500000000000003,0.0500000000000003
"folded_normal","L-FN2",4,"id=4 (mu*=2.25, sigma*=0.5)",2.25,0.5,400,0.1,"gamma=0.1",496,0.0499999999999998,0.0499999999999998,0.0500000000000003,0.0500000000000003,0.0500000000000003
"folded_normal","L-FN2",4,"id=4 (mu*=2.25, sigma*=0.5)",2.25,0.5,800,0.1,"gamma=0.1",496,0.0499999999999998,0.0499999999999998,0.0500000000000003,0.0500000000000003,0.0500000000000003
"folded_normal","L-FN2",4,"id=4 (mu*=2.25, sigma*=0.5)",2.25,0.5,50,0.05,"gamma=0.05",1891,0,0.0499999999999998,0.0500000000000003,0.1,0.11180339887499
"folded_normal","L-FN2",4,"id=4 (mu*=2.25, sigma*=0.5)",2.25,0.5,100,0.05,"gamma=0.05",1891,0,0,0.0499999999999998,0.0500000000000003,0.1
"folded_normal","L-FN2",4,"id=4 (mu*=2.25, sigma*=0.5)",2.25,0.5,200,0.05,"gamma=0.05",1891,0,0,0.0499999999999998,0.0500000000000002,0.0500000000000003
"folded_normal","L-FN2",4,"id=4 (mu*=2.25, sigma*=0.5)",2.25,0.5,400,0.05,"gamma=0.05",1891,0,0,0,0.0499999999999998,0.0500000000000003
"folded_normal","L-FN2",4,"id=4 (mu*=2.25, sigma*=0.5)",2.25,0.5,800,0.05,"gamma=0.05",1891,0,0,0,0,0.0499999999999998
"folded_normal","L-FN2",5,"id=5 (mu*=3, sigma*=0.5)",3,0.5,50,0.1,"gamma=0.1",496,0,0,0,0.0999999999999996,0.1
"folded_normal","L-FN2",5,"id=5 (mu*=3, sigma*=0.5)",3,0.5,100,0.1,"gamma=0.1",496,0,0,0,0,0.1
"folded_normal","L-FN2",5,"id=5 (mu*=3, sigma*=0.5)",3,0.5,200,0.1,"gamma=0.1",496,0,0,0,0,0
"folded_normal","L-FN2",5,"id=5 (mu*=3, sigma*=0.5)",3,0.5,400,0.1,"gamma=0.1",496,0,0,0,0,0
"folded_normal","L-FN2",5,"id=5 (mu*=3, sigma*=0.5)",3,0.5,800,0.1,"gamma=0.1",496,0,0,0,0,0
"folded_normal","L-FN2",5,"id=5 (mu*=3, sigma*=0.5)",3,0.5,50,0.05,"gamma=0.05",1891,0,0,0.0499999999999998,0.05,0.1
"folded_normal","L-FN2",5,"id=5 (mu*=3, sigma*=0.5)",3,0.5,100,0.05,"gamma=0.05",1891,0,0,0.0499999999999998,0.05,0.0707106781186547
"folded_normal","L-FN2",5,"id=5 (mu*=3, sigma*=0.5)",3,0.5,200,0.05,"gamma=0.05",1891,0,0,0,0.0499999999999998,0.05
"folded_normal","L-FN2",5,"id=5 (mu*=3, sigma*=0.5)",3,0.5,400,0.05,"gamma=0.05",1891,0,0,0,0,0.0499999999999998
"folded_normal","L-FN2",5,"id=5 (mu*=3, sigma*=0.5)",3,0.5,800,0.05,"gamma=0.05",1891,0,0,0,0,0
"folded_normal","L-FN2",6,"id=6 (mu*=0.3, sigma*=1.25)",0.3,1.25,50,0.1,"gamma=0.1",496,0.111803398874989,0.206155281280883,0.466338139733737,0.667010901765264,0.80156097709407
"folded_normal","L-FN2",6,"id=6 (mu*=0.3, sigma*=1.25)",0.3,1.25,100,0.1,"gamma=0.1",496,0.05,0.15,0.335410196624968,0.610327780786685,0.743303437365925
"folded_normal","L-FN2",6,"id=6 (mu*=0.3, sigma*=1.25)",0.3,1.25,200,0.1,"gamma=0.1",496,0.05,0.11180339887499,0.304138126514911,0.522015325445527,0.65
"folded_normal","L-FN2",6,"id=6 (mu*=0.3, sigma*=1.25)",0.3,1.25,400,0.1,"gamma=0.1",496,0.05,0.111803398874989,0.206155281280883,0.335410196624968,0.4767306834871
"folded_normal","L-FN2",6,"id=6 (mu*=0.3, sigma*=1.25)",0.3,1.25,800,0.1,"gamma=0.1",496,0.10562305898749,0.111803398874989,0.206155281280883,0.304138126514911,0.427200187265877
"folded_normal","L-FN2",6,"id=6 (mu*=0.3, sigma*=1.25)",0.3,1.25,50,0.05,"gamma=0.05",1891,0.14142135623731,0.25,0.531507290636733,0.696419413859206,0.832165848854662
"folded_normal","L-FN2",6,"id=6 (mu*=0.3, sigma*=1.25)",0.3,1.25,100,0.05,"gamma=0.05",1891,0.1,0.180277563773199,0.353553390593274,0.559016994374947,0.707985208384274
"folded_normal","L-FN2",6,"id=6 (mu*=0.3, sigma*=1.25)",0.3,1.25,200,0.05,"gamma=0.05",1891,0.05,0.143566017177982,0.3,0.492442890089805,0.670820393249937
"folded_normal","L-FN2",6,"id=6 (mu*=0.3, sigma*=1.25)",0.3,1.25,400,0.05,"gamma=0.05",1891,0.05,0.15,0.304138126514911,0.47169905660283,0.561424813885906
"folded_normal","L-FN2",6,"id=6 (mu*=0.3, sigma*=1.25)",0.3,1.25,800,0.05,"gamma=0.05",1891,0.05,0.111803398874989,0.254950975679639,0.330614588972936,0.429201528089285
"folded_normal","L-FN2",7,"id=7 (mu*=0.75, sigma*=1.25)",0.75,1.25,50,0.1,"gamma=0.1",496,0.158113883008419,0.291547594742265,0.405452459322663,0.570087712549569,0.739583519602368
"folded_normal","L-FN2",7,"id=7 (mu*=0.75, sigma*=1.25)",0.75,1.25,100,0.1,"gamma=0.1",496,0.0707106781186547,0.158113883008419,0.353553390593274,0.452769256906871,0.696419413859206
"folded_normal","L-FN2",7,"id=7 (mu*=0.75, sigma*=1.25)",0.75,1.25,200,0.1,"gamma=0.1",496,0.0707106781186547,0.158113883008419,0.254950975679639,0.380788655293195,0.604152298679729
"folded_normal","L-FN2",7,"id=7 (mu*=0.75, sigma*=1.25)",0.75,1.25,400,0.1,"gamma=0.1",496,0.0707106781186547,0.0707106781186547,0.212132034355964,0.380788655293195,0.667083203206317
"folded_normal","L-FN2",7,"id=7 (mu*=0.75, sigma*=1.25)",0.75,1.25,800,0.1,"gamma=0.1",496,0.0707106781186547,0.0707106781186547,0.158113883008419,0.291547594742265,0.390143954666401
"folded_normal","L-FN2",7,"id=7 (mu*=0.75, sigma*=1.25)",0.75,1.25,50,0.05,"gamma=0.05",1891,0.1802775637732,0.291547594742265,0.456873239885758,0.570087712549569,0.750166481891865
"folded_normal","L-FN2",7,"id=7 (mu*=0.75, sigma*=1.25)",0.75,1.25,100,0.05,"gamma=0.05",1891,0.1,0.206155281280883,0.320156211871642,0.460977222864645,0.667083203206317
"folded_normal","L-FN2",7,"id=7 (mu*=0.75, sigma*=1.25)",0.75,1.25,200,0.05,"gamma=0.05",1891,0.0707106781186547,0.14142135623731,0.25,0.522015325445527,0.621619259458384
"folded_normal","L-FN2",7,"id=7 (mu*=0.75, sigma*=1.25)",0.75,1.25,400,0.05,"gamma=0.05",1891,0.05,0.1,0.212132034355964,0.453261982986516,0.619864812661752
"folded_normal","L-FN2",7,"id=7 (mu*=0.75, sigma*=1.25)",0.75,1.25,800,0.05,"gamma=0.05",1891,0.0499999999999999,0.05,0.11180339887499,0.223606797749979,0.46412378958716
"folded_normal","L-FN2",8,"id=8 (mu*=1.5, sigma*=1.25)",1.5,1.25,50,0.1,"gamma=0.1",496,0.111803398874989,0.180277563773199,0.259629120178363,0.35,0.564961879321717
"folded_normal","L-FN2",8,"id=8 (mu*=1.5, sigma*=1.25)",1.5,1.25,100,0.1,"gamma=0.1",496,0.05,0.111803398874989,0.180277563773199,0.25,0.335410196624968
"folded_normal","L-FN2",8,"id=8 (mu*=1.5, sigma*=1.25)",1.5,1.25,200,0.1,"gamma=0.1",496,0.0499999999999998,0.05,0.111803398874989,0.180277563773199,0.210539753152795
"folded_normal","L-FN2",8,"id=8 (mu*=1.5, sigma*=1.25)",1.5,1.25,400,0.1,"gamma=0.1",496,0.0499999999999998,0.05,0.05,0.111803398874989,0.180277563773199
"folded_normal","L-FN2",8,"id=8 (mu*=1.5, sigma*=1.25)",1.5,1.25,800,0.1,"gamma=0.1",496,0.0499999999999998,0.0499999999999998,0.05,0.111803398874989,0.111803398874989
"folded_normal","L-FN2",8,"id=8 (mu*=1.5, sigma*=1.25)",1.5,1.25,50,0.05,"gamma=0.05",1891,0.1,0.141421356237309,0.206155281280883,0.331596700436637,0.448589958236427
"folded_normal","L-FN2",8,"id=8 (mu*=1.5, sigma*=1.25)",1.5,1.25,100,0.05,"gamma=0.05",1891,0.0707106781186545,0.111803398874989,0.2,0.254950975679639,0.364005494464026
"folded_normal","L-FN2",8,"id=8 (mu*=1.5, sigma*=1.25)",1.5,1.25,200,0.05,"gamma=0.05",1891,0.0499999999999998,0.0707106781186547,0.11180339887499,0.180277563773199,0.206155281280883
"folded_normal","L-FN2",8,"id=8 (mu*=1.5, sigma*=1.25)",1.5,1.25,400,0.05,"gamma=0.05",1891,0.0499999999999998,0.05,0.0707106781186548,0.11180339887499,0.180277563773199
"folded_normal","L-FN2",8,"id=8 (mu*=1.5, sigma*=1.25)",1.5,1.25,800,0.05,"gamma=0.05",1891,0,0.0499999999999998,0.05,0.0707106781186547,0.11180339887499
"folded_normal","L-FN2",9,"id=9 (mu*=2.25, sigma*=1.25)",2.25,1.25,50,0.1,"gamma=0.1",496,0.0707106781186548,0.158113883008419,0.158113883008419,0.254950975679639,0.353553390593274
"folded_normal","L-FN2",9,"id=9 (mu*=2.25, sigma*=1.25)",2.25,1.25,100,0.1,"gamma=0.1",496,0.0707106781186545,0.0707106781186548,0.158113883008419,0.158113883008419,0.254950975679639
"folded_normal","L-FN2",9,"id=9 (mu*=2.25, sigma*=1.25)",2.25,1.25,200,0.1,"gamma=0.1",496,0.0707106781186545,0.0707106781186547,0.070710678118655,0.158113883008419,0.158113883008419
"folded_normal","L-FN2",9,"id=9 (mu*=2.25, sigma*=1.25)",2.25,1.25,400,0.1,"gamma=0.1",496,0.0707106781186545,0.0707106781186547,0.0707106781186548,0.070710678118655,0.158113883008419
"folded_normal","L-FN2",9,"id=9 (mu*=2.25, sigma*=1.25)",2.25,1.25,800,0.1,"gamma=0.1",496,0.0707106781186545,0.0707106781186547,0.0707106781186547,0.0707106781186548,0.070710678118655
"folded_normal","L-FN2",9,"id=9 (mu*=2.25, sigma*=1.25)",2.25,1.25,50,0.05,"gamma=0.05",1891,0.1,0.14142135623731,0.206155281280883,0.282842712474619,0.354598600980349
"folded_normal","L-FN2",9,"id=9 (mu*=2.25, sigma*=1.25)",2.25,1.25,100,0.05,"gamma=0.05",1891,0.0500000000000002,0.1,0.15,0.206155281280883,0.256381702147348
"folded_normal","L-FN2",9,"id=9 (mu*=2.25, sigma*=1.25)",2.25,1.25,200,0.05,"gamma=0.05",1891,0.0499999999999998,0.0707106781186545,0.1,0.14142135623731,0.180277563773199
"folded_normal","L-FN2",9,"id=9 (mu*=2.25, sigma*=1.25)",2.25,1.25,400,0.05,"gamma=0.05",1891,0,0.0499999999999998,0.0707106781186546,0.1,0.11180339887499
"folded_normal","L-FN2",9,"id=9 (mu*=2.25, sigma*=1.25)",2.25,1.25,800,0.05,"gamma=0.05",1891,0,0.0125,0.0499999999999998,0.0707106781186547,0.1
"folded_normal","L-FN2",10,"id=10 (mu*=3, sigma*=1.25)",3,1.25,50,0.1,"gamma=0.1",496,0.0499999999999998,0.05,0.15,0.206155281280883,0.251925824035672
"folded_normal","L-FN2",10,"id=10 (mu*=3, sigma*=1.25)",3,1.25,100,0.1,"gamma=0.1",496,0.0499999999999998,0.0499999999999998,0.05,0.15,0.206155281280883
"folded_normal","L-FN2",10,"id=10 (mu*=3, sigma*=1.25)",3,1.25,200,0.1,"gamma=0.1",496,0.0499999999999998,0.0499999999999998,0.05,0.111803398874989,0.15
"folded_normal","L-FN2",10,"id=10 (mu*=3, sigma*=1.25)",3,1.25,400,0.1,"gamma=0.1",496,0.0499999999999998,0.0499999999999998,0.05,0.0963525491562418,0.111803398874989
"folded_normal","L-FN2",10,"id=10 (mu*=3, sigma*=1.25)",3,1.25,800,0.1,"gamma=0.1",496,0.0499999999999998,0.0499999999999998,0.05,0.05,0.111803398874989
"folded_normal","L-FN2",10,"id=10 (mu*=3, sigma*=1.25)",3,1.25,50,0.05,"gamma=0.05",1891,0.0499999999999998,0.05,0.15,0.206155281280883,0.300413812651491
"folded_normal","L-FN2",10,"id=10 (mu*=3, sigma*=1.25)",3,1.25,100,0.05,"gamma=0.05",1891,0,0.0499999999999998,0.1,0.15,0.206752956588391
"folded_normal","L-FN2",10,"id=10 (mu*=3, sigma*=1.25)",3,1.25,200,0.05,"gamma=0.05",1891,0,0.0499999999999998,0.05,0.111803398874989,0.158113883008419
"folded_normal","L-FN2",10,"id=10 (mu*=3, sigma*=1.25)",3,1.25,400,0.05,"gamma=0.05",1891,0,0.0499999999999998,0.0499999999999998,0.0707106781186546,0.111803398874989
"folded_normal","L-FN2",10,"id=10 (mu*=3, sigma*=1.25)",3,1.25,800,0.05,"gamma=0.05",1891,0,0,0.0499999999999998,0.05,0.0999999999999996
"folded_normal","L-FN2",11,"id=11 (mu*=0.3, sigma*=2)",0.3,2,50,0.1,"gamma=0.1",496,0.221246117974981,0.421036320796314,0.913746479771515,1.21756782051989,1.47749476289419
"folded_normal","L-FN2",11,"id=11 (mu*=0.3, sigma*=2)",0.3,2,100,0.1,"gamma=0.1",496,0.1,0.304056941504209,0.7,1.0770329614269,1.26491106406735
"folded_normal","L-FN2",11,"id=11 (mu*=0.3, sigma*=2)",0.3,2,200,0.1,"gamma=0.1",496,0.141421356237309,0.287132034355964,0.569258240356725,0.996221445044903,1.12284962777181
"folded_normal","L-FN2",11,"id=11 (mu*=0.3, sigma*=2)",0.3,2,400,0.1,"gamma=0.1",496,0.1,0.223606797749979,0.456155281280883,0.894427190999916,1.03431000883152
"folded_normal","L-FN2",11,"id=11 (mu*=0.3, sigma*=2)",0.3,2,800,0.1,"gamma=0.1",496,0.1,0.2,0.3,0.632455532033676,0.854400374531753
"folded_normal","L-FN2",11,"id=11 (mu*=0.3, sigma*=2)",0.3,2,50,0.05,"gamma=0.05",1891,0.15,0.4,0.868173142455126,1.2469854600785,1.46179741697791
"folded_normal","L-FN2",11,"id=11 (mu*=0.3, sigma*=2)",0.3,2,100,0.05,"gamma=0.05",1891,0.1,0.25123774391991,0.701763097522877,1.13546191297597,1.30384048104053
"folded_normal","L-FN2",11,"id=11 (mu*=0.3, sigma*=2)",0.3,2,200,0.05,"gamma=0.05",1891,0.1,0.25,0.549924842847273,0.919238815542512,1.14442640278776
"folded_normal","L-FN2",11,"id=11 (mu*=0.3, sigma*=2)",0.3,2,400,0.05,"gamma=0.05",1891,0.0999999999999999,0.2,0.462170824512628,0.807774721070176,0.987163025775077
"folded_normal","L-FN2",11,"id=11 (mu*=0.3, sigma*=2)",0.3,2,800,0.05,"gamma=0.05",1891,0.05,0.15,0.419755374913821,0.735683611990765,0.919238815542512
"folded_normal","L-FN2",12,"id=12 (mu*=0.75, sigma*=2)",0.75,2,50,0.1,"gamma=0.1",496,0.15,0.364005494464026,0.65,0.884590300647707,1.04374389486874
"folded_normal","L-FN2",12,"id=12 (mu*=0.75, sigma*=2)",0.75,2,100,0.1,"gamma=0.1",496,0.15,0.25,0.460977222864644,0.763216876123687,0.963037186670015
"folded_normal","L-FN2",12,"id=12 (mu*=0.75, sigma*=2)",0.75,2,200,0.1,"gamma=0.1",496,0.05,0.15,0.35,0.578680495245723,0.763216876123687
"folded_normal","L-FN2",12,"id=12 (mu*=0.75, sigma*=2)",0.75,2,400,0.1,"gamma=0.1",496,0.0499999999999999,0.15,0.25,0.460977222864644,0.626498204307083
"folded_normal","L-FN2",12,"id=12 (mu*=0.75, sigma*=2)",0.75,2,800,0.1,"gamma=0.1",496,0.05,0.05,0.1651387818866,0.403112887414928,0.585234995535981
"folded_normal","L-FN2",12,"id=12 (mu*=0.75, sigma*=2)",0.75,2,50,0.05,"gamma=0.05",1891,0.146180339887499,0.276943680267544,0.606214275854775,0.899647661899477,1.12405436916778
"folded_normal","L-FN2",12,"id=12 (mu*=0.75, sigma*=2)",0.75,2,100,0.05,"gamma=0.05",1891,0.15,0.35,0.545416345659799,0.764852927038918,0.944583167757808
"folded_normal","L-FN2",12,"id=12 (mu*=0.75, sigma*=2)",0.75,2,200,0.05,"gamma=0.05",1891,0.137279220613579,0.206155281280883,0.425732127988903,0.636858868884235,0.815763511709953
"folded_normal","L-FN2",12,"id=12 (mu*=0.75, sigma*=2)",0.75,2,400,0.05,"gamma=0.05",1891,0.05,0.119207888215569,0.269258240356725,0.51478150704935,0.694801920911162
"folded_normal","L-FN2",12,"id=12 (mu*=0.75, sigma*=2)",0.75,2,800,0.05,"gamma=0.05",1891,0.05,0.1,0.25,0.449303398874989,0.604152298679729
"folded_normal","L-FN2",13,"id=13 (mu*=1.5, sigma*=2)",1.5,2,50,0.1,"gamma=0.1",496,0.1,0.2,0.380277563773199,0.558893188890291,0.7
"folded_normal","L-FN2",13,"id=13 (mu*=1.5, sigma*=2)",1.5,2,100,0.1,"gamma=0.1",496,0.0999999999999999,0.2,0.3,0.424264068711928,0.567426401402767
"folded_normal","L-FN2",13,"id=13 (mu*=1.5, sigma*=2)",1.5,2,200,0.1,"gamma=0.1",496,0,0.1,0.2,0.312170824512628,0.424264068711928
"folded_normal","L-FN2",13,"id=13 (mu*=1.5, sigma*=2)",1.5,2,400,0.1,"gamma=0.1",496,0,0.0999999999999999,0.1,0.223606797749979,0.3
"folded_normal","L-FN2",13,"id=13 (mu*=1.5, sigma*=2)",1.5,2,800,0.1,"gamma=0.1",496,0,0.025,0.1,0.141421356237309,0.223606797749979
"folded_normal","L-FN2",13,"id=13 (mu*=1.5, sigma*=2)",1.5,2,50,0.05,"gamma=0.05",1891,0.0999999999999999,0.25,0.4,0.620393585465216,0.751321687612369
"folded_normal","L-FN2",13,"id=13 (mu*=1.5, sigma*=2)",1.5,2,100,0.05,"gamma=0.05",1891,0.05,0.119207888215569,0.262104608018182,0.4,0.570087712549569
"folded_normal","L-FN2",13,"id=13 (mu*=1.5, sigma*=2)",1.5,2,200,0.05,"gamma=0.05",1891,0.05,0.102950849718747,0.206155281280883,0.320156211871643,0.413505913176782
"folded_normal","L-FN2",13,"id=13 (mu*=1.5, sigma*=2)",1.5,2,400,0.05,"gamma=0.05",1891,0,0.05,0.111803398874989,0.220738106901475,0.316620610602318
"folded_normal","L-FN2",13,"id=13 (mu*=1.5, sigma*=2)",1.5,2,800,0.05,"gamma=0.05",1891,0,0.05,0.1,0.158113883008419,0.25
"folded_normal","L-FN2",14,"id=14 (mu*=2.25, sigma*=2)",2.25,2,50,0.1,"gamma=0.1",496,0.111803398874989,0.1575693909433,0.35,0.458232917148483,0.65
"folded_normal","L-FN2",14,"id=14 (mu*=2.25, sigma*=2)",2.25,2,100,0.1,"gamma=0.1",496,0.0500000000000003,0.111803398874989,0.1802775637732,0.31615169053246,0.403112887414928
"folded_normal","L-FN2",14,"id=14 (mu*=2.25, sigma*=2)",2.25,2,200,0.1,"gamma=0.1",496,0.0499999999999998,0.0500000000000003,0.15,0.25,0.320156211871642
"folded_normal","L-FN2",14,"id=14 (mu*=2.25, sigma*=2)",2.25,2,400,0.1,"gamma=0.1",496,0.0499999999999998,0.0499999999999998,0.111803398874989,0.15,0.206155281280883
"folded_normal","L-FN2",14,"id=14 (mu*=2.25, sigma*=2)",2.25,2,800,0.1,"gamma=0.1",496,0.0499999999999998,0.0499999999999998,0.0500000000000003,0.111803398874989,0.15
"folded_normal","L-FN2",14,"id=14 (mu*=2.25, sigma*=2)",2.25,2,50,0.05,"gamma=0.05",1891,0.0500000000000002,0.15,0.310182946265875,0.447213595499958,0.600207972893961
"folded_normal","L-FN2",14,"id=14 (mu*=2.25, sigma*=2)",2.25,2,100,0.05,"gamma=0.05",1891,0.0500000000000003,0.111803398874989,0.223606797749979,0.313205356141356,0.403112887414927
"folded_normal","L-FN2",14,"id=14 (mu*=2.25, sigma*=2)",2.25,2,200,0.05,"gamma=0.05",1891,0.0499999999999998,0.0707106781186545,0.145710678118655,0.2,0.271487175795279
"folded_normal","L-FN2",14,"id=14 (mu*=2.25, sigma*=2)",2.25,2,400,0.05,"gamma=0.05",1891,0.0499999999999998,0.0500000000000003,0.1,0.174736643582004,0.223606797749979
"folded_normal","L-FN2",14,"id=14 (mu*=2.25, sigma*=2)",2.25,2,800,0.05,"gamma=0.05",1891,0,0.0499999999999998,0.0707106781186548,0.111803398874989,0.158113883008419
"folded_normal","L-FN2",15,"id=15 (mu*=3, sigma*=2)",3,2,50,0.1,"gamma=0.1",496,0,0,0.2,0.316227766016838,0.5
"folded_normal","L-FN2",15,"id=15 (mu*=3, sigma*=2)",3,2,100,0.1,"gamma=0.1",496,0,0,0.0999999999999999,0.2,0.316227766016838
"folded_normal","L-FN2",15,"id=15 (mu*=3, sigma*=2)",3,2,200,0.1,"gamma=0.1",496,0,0,0.0999999999999996,0.141421356237309,0.2
"folded_normal","L-FN2",15,"id=15 (mu*=3, sigma*=2)",3,2,400,0.1,"gamma=0.1",496,0,0,0.0999999999999996,0.0999999999999999,0.2
"folded_normal","L-FN2",15,"id=15 (mu*=3, sigma*=2)",3,2,800,0.1,"gamma=0.1",496,0,0,0,0.0999999999999996,0.0999999999999999
"folded_normal","L-FN2",15,"id=15 (mu*=3, sigma*=2)",3,2,50,0.05,"gamma=0.05",1891,0,0,0.105901699437495,0.303103594886183,0.462313665480705
"folded_normal","L-FN2",15,"id=15 (mu*=3, sigma*=2)",3,2,100,0.05,"gamma=0.05",1891,0,0,0.0999999999999998,0.25,0.304138126514911
"folded_normal","L-FN2",15,"id=15 (mu*=3, sigma*=2)",3,2,200,0.05,"gamma=0.05",1891,0,0,0.0499999999999998,0.15,0.223606797749979
"folded_normal","L-FN2",15,"id=15 (mu*=3, sigma*=2)",3,2,400,0.05,"gamma=0.05",1891,0,0,0.0499999999999998,0.0999999999999999,0.15
"folded_normal","L-FN2",15,"id=15 (mu*=3, sigma*=2)",3,2,800,0.05,"gamma=0.05",1891,0,0,0.0499999999999998,0.0499999999999998,0.0999999999999996
